Date;Open;High;Low;Close;Adj Close;Volume;Variation;Operation(1=BUY,0=NONE,-1=SELL)
01/09/2020;7038,5;7042;6903;6956,899902;6956,899902;226079800;0;0
02/09/2020;6973,100098;7046,100098;6963,899902;6996,899902;6996,899902;208505300;0,574968744;0
03/09/2020;7065,200195;7159,600098;6971,200195;7006;7006;246671100;0,130058999;0
04/09/2020;7015,700195;7133,399902;6954,700195;6989,700195;6989,700195;462539100;-0,232654939;0
07/09/2020;7032,799805;7098;7013;7080,700195;7080,700195;257575100;1,30191564;1
08/09/2020;7087,899902;7102,600098;6899;6955;6955;246699200;-1,775250915;-1
09/09/2020;6946,399902;7038,600098;6938,899902;7020,899902;7020,899902;202896600;0,947518361;1
10/09/2020;7020,600098;7050,899902;6967,399902;6999,200195;6999,200195;211096000;-0,309073015;0
11/09/2020;6989,399902;7000,899902;6910,399902;6943,200195;6943,200195;209115200;-0,800091417;-1
14/09/2020;6989,799805;7005,700195;6935;6951,100098;6951,100098;199767400;0,113778989;0
15/09/2020;6958,899902;7064;6954,799805;7036;7036;204185200;1,221387993;1
16/09/2020;7048,299805;7110,799805;7020,700195;7110,799805;7110,799805;239805900;1,063101265;1
17/09/2020;7027,100098;7101,799805;7013,799805;7086,200195;7086,200195;214242300;-0,34594716;0
18/09/2020;7073,799805;7075,299805;6923,600098;6929,799805;6929,799805;975212000;-2,207112214;-1
21/09/2020;6892,899902;6892,899902;6678,799805;6692,299805;6692,299805;384701000;-3,427227433;-1
22/09/2020;6752,899902;6758;6645,600098;6648,600098;6648,600098;286493700;-0,652984897;0
23/09/2020;6717,799805;6781,100098;6654,200195;6654,200195;6654,200195;294826200;0,084229716;0
24/09/2020;6577,600098;6705,700195;6562,600098;6643,399902;6643,399902;285830200;-0,162307906;0
25/09/2020;6647,399902;6681,899902;6552,299805;6628,299805;6628,299805;263364400;-0,227294717;0
28/09/2020;6709,200195;6798,899902;6681,399902;6791,5;6791,5;212053800;2,462172801;1
29/09/2020;6769,5;6790,700195;6713,600098;6713,600098;6713,600098;198774100;-1,14702057;-1
30/09/2020;6663,600098;6771,100098;6639,700195;6716,600098;6716,600098;247927500;0,044685414;0
01/10/2020;6789,100098;6800,799805;6701,200195;6730,700195;6730,700195;227516000;0,209929083;0
02/10/2020;6675,399902;6754,5;6648,899902;6754,5;6754,5;227139400;0,35360073;0
05/10/2020;6814,5;6851;6794,100098;6837,899902;6837,899902;237493400;1,23473095;1
06/10/2020;6860,100098;6975,399902;6838,799805;6936,200195;6936,200195;265233500;1,437580169;1
07/10/2020;6920,200195;6952,600098;6887,100098;6910,100098;6910,100098;207416200;-0,376288115;0
08/10/2020;6953,200195;7018,799805;6951,700195;6992,799805;6992,799805;202093000;1,196794631;1
09/10/2020;6992,899902;7024,600098;6936,700195;6950,899902;6950,899902;182746300;-0,599186366;0
12/10/2020;6968,799805;6979,899902;6924,799805;6951;6951;167258200;0,001440073;0
13/10/2020;6945,200195;6960,600098;6854,600098;6875,200195;6875,200195;205874300;-1,090487772;-1
14/10/2020;6880,399902;6946,799805;6846,5;6916,600098;6916,600098;178694400;0,602162873;0
15/10/2020;6840,200195;6842,299805;6763;6816,799805;6816,799805;237247000;-1,44290969;-1
16/10/2020;6851,899902;6877;6784,600098;6849,700195;6849,700195;234162000;0,482636882;0
19/10/2020;6882,100098;6932,799805;6816,399902;6860,200195;6860,200195;173622600;0,153291381;0
20/10/2020;6834,799805;6972,100098;6826,700195;6927,299805;6927,299805;221477800;0,978099882;1
21/10/2020;6961,5;6962,200195;6806,100098;6811,5;6811,5;207333200;-1,671644194;-1
22/10/2020;6775,200195;6839,5;6709,299805;6796,600098;6796,600098;212045300;-0,218746267;0
23/10/2020;6802,100098;6902;6791,899902;6893,399902;6893,399902;221927800;1,424238628;1
26/10/2020;6797,899902;6904,200195;6789,700195;6796,899902;6796,899902;195991200;-1,39988977;-1
27/10/2020;6845,200195;6846,700195;6647;6651,299805;6651,299805;273169200;-2,142154498;-1
28/10/2020;6560,799805;6563,799805;6423,299805;6474,399902;6474,399902;323758000;-2,659629068;-1
29/10/2020;6467,700195;6514;6329,5;6411,799805;6411,799805;298195700;-0,966886475;-1
30/10/2020;6351,399902;6461,600098;6345,299805;6452,200195;6452,200195;260708300;0,630094376;0
02/11/2020;6481,399902;6590,700195;6396,299805;6585,600098;6585,600098;222245200;2,067510291;1
03/11/2020;6636,100098;6760,799805;6608,700195;6751,600098;6751,600098;281852500;2,52065108;1
04/11/2020;6616,700195;6790,799805;6563,700195;6781,899902;6781,899902;274816200;0,448779601;0
05/11/2020;6833,5;6948,299805;6814,200195;6924,200195;6924,200195;255824700;2,09823641;1
06/11/2020;6890,600098;6940,399902;6829,399902;6870,399902;6870,399902;206308100;-0,776989277;-1
09/11/2020;6972,299805;7535,299805;6945,799805;7459,399902;7459,399902;751200600;8,573008972;1
10/11/2020;7447,100098;7720,299805;7439,5;7711,399902;7711,399902;705610500;3,378287842;1
11/11/2020;7733,799805;7804,600098;7675,799805;7793,700195;7793,700195;401246900;1,067254896;1
12/11/2020;7721,700195;7773,299805;7688;7726;7726;309657400;-0,8686528;-1
13/11/2020;7698,600098;7823,100098;7686,200195;7783,700195;7783,700195;297808600;0,746831413;1
16/11/2020;7905,899902;8102,399902;7879;7986,200195;7986,200195;601880600;2,601590438;1
17/11/2020;7979;7979;7835,799805;7934,299805;7934,299805;428970100;-0,649875895;0
18/11/2020;7914,100098;7994,299805;7888,700195;7981,5;7981,5;296385800;0,594887969;0
19/11/2020;7907,200195;7978,799805;7863,899902;7930,200195;7930,200195;261607300;-0,642733885;0
20/11/2020;7938,799805;8001,100098;7920;7977,899902;7977,899902;232651500;0,601494361;0
23/11/2020;8029,100098;8067,299805;7972,200195;7981,200195;7981,200195;278313000;0,041367942;0
24/11/2020;8052,399902;8143,200195;8045,299805;8143,200195;8143,200195;351639600;2,02976991;1
25/11/2020;8172,399902;8199,900391;8084,399902;8164,700195;8164,700195;294450000;0,264023965;0
26/11/2020;8184,799805;8184,899902;8086,700195;8104,600098;8104,600098;218317400;-0,736096802;-1
27/11/2020;8069,100098;8190,700195;8054,399902;8190,700195;8190,700195;415126100;1,062360832;1
30/11/2020;8130,600098;8165,200195;8075,399902;8076,899902;8076,899902;544905000;-1,389384183;-1
01/12/2020;8112,700195;8176,399902;8100,200195;8140,799805;8140,799805;284946100;0,791143926;1
02/12/2020;8111,100098;8226,200195;8104,200195;8220,799805;8220,799805;310837500;0,982704426;1
03/12/2020;8208,099609;8223,400391;8154,799805;8200,700195;8200,700195;233469300;-0,244497013;0
04/12/2020;8201,200195;8322,900391;8197;8322,900391;8322,900391;352968100;1,490119052;1
07/12/2020;8283,299805;8296,400391;8225,5;8275,599609;8275,599609;228160200;-0,568320895;0
08/12/2020;8262,400391;8273,599609;8206,299805;8227,599609;8227,599609;202823300;-0,580018395;0
09/12/2020;8262,200195;8292,599609;8223,099609;8235,299805;8235,299805;212038900;0,093589824;0
10/12/2020;8260,299805;8284,299805;8124,899902;8182,299805;8182,299805;272111500;-0,643570984;0
11/12/2020;8147,799805;8151,399902;7978,100098;8063,100098;8063,100098;269809400;-1,456799553;-1
14/12/2020;8160,200195;8222,5;8140,5;8140,799805;8140,799805;225309600;0,963645571;1
15/12/2020;8153,200195;8166,600098;8099,700195;8152,399902;8152,399902;213877000;0,142493333;0
16/12/2020;8166,399902;8209,700195;8104,399902;8139,5;8139,5;218432700;-0,158234411;0
17/12/2020;8164,600098;8180,799805;8110,5;8153,399902;8153,399902;193099700;0,170770956;0
18/12/2020;8114,299805;8159,399902;8036,700195;8037,399902;8037,399902;355173100;-1,422719373;-1
21/12/2020;7860,899902;7872,299805;7663,5;7789,799805;7789,799805;339116800;-3,080599448;-1
22/12/2020;7822;7942,399902;7818;7934,200195;7934,200195;187112500;1,853711181;1
23/12/2020;7948,799805;8084,200195;7940;8073,600098;8073,600098;183108500;1,756949656;1
24/12/2020;8101,200195;8112,399902;8073,299805;8111,5;8111,5;83708200;0,469430013;0
28/12/2020;8179,299805;8192,099609;8122,200195;8155,600098;8155,600098;147457600;0,543673772;0
29/12/2020;8203,200195;8225,799805;8167;8174,799805;8174,799805;143794800;0,235417465;0
30/12/2020;8174,200195;8194,200195;8149,799805;8154,399902;8154,399902;129930500;-0,249546209;0
31/12/2020;8116,899902;8129,799805;8073,700195;8073,700195;8073,700195;82261100;-0,989646178;-1
04/01/2021;8191,799805;8207,200195;8053;8099,200195;8099,200195;213153000;0,315840313;0
05/01/2021;8052,200195;8118,100098;8037,399902;8091,5;8091,5;173796400;-0,095073523;0
06/01/2021;8179,799805;8383,700195;8134,100098;8350,299805;8350,299805;275695700;3,198415683;1
07/01/2021;8383,799805;8399,5;8274,099609;8385,799805;8385,799805;247341500;0,425134436;0
08/01/2021;8439,700195;8439,700195;8366,200195;8407,700195;8407,700195;204981400;0,26116042;0
11/01/2021;8369,200195;8411,900391;8317;8357,5;8357,5;188251800;-0,597074037;0
12/01/2021;8375,200195;8396,299805;8322,400391;8345,900391;8345,900391;207298100;-0,138792809;0
13/01/2021;8353,900391;8386,599609;8318,700195;8361,099609;8361,099609;206409700;0,182115977;0
14/01/2021;8360,900391;8394,400391;8335,900391;8372,400391;8372,400391;196757600;0,13515904;0
15/01/2021;8332,200195;8361,700195;8173,799805;8230,700195;8230,700195;251305100;-1,692467983;-1
18/01/2021;8194,700195;8259,400391;8180,700195;8254,5;8254,5;122092800;0,289158935;0
19/01/2021;8303,700195;8320,200195;8198,400391;8199;8199;162964400;-0,672360531;0
20/01/2021;8220,299805;8240,900391;8140,299805;8204,099609;8204,099609;147519500;0,062197939;0
21/01/2021;8234,5;8275,900391;8117,899902;8122,100098;8122,100098;179934200;-0,999494337;-1
22/01/2021;8072,700195;8078,100098;7971,100098;8036,399902;8036,399902;233703000;-1,055148237;-1
25/01/2021;8076,899902;8085,799805;7846;7897,299805;7897,299805;218852300;-1,730875749;-1
26/01/2021;7907,700195;8008,5;7907,700195;7964,899902;7964,899902;177642900;0,855990005;1
27/01/2021;7950,399902;7995,5;7782,5;7852,700195;7852,700195;208275300;-1,408676925;-1
28/01/2021;7767,200195;7958,899902;7713,5;7932,5;7932,5;201655300;1,016208476;1
29/01/2021;7825,799805;7882,899902;7757,299805;7757,5;7757,5;250623200;-2,206114088;-1
01/02/2021;7823;7842,299805;7779,799805;7798,200195;7798,200195;182007000;0,524656075;0
02/02/2021;7844,600098;7958,899902;7828,100098;7950,899902;7950,899902;238438100;1,958140381;1
03/02/2021;8048,200195;8088,200195;7983,299805;8012,799805;8012,799805;220821600;0,778527007;1
04/02/2021;8031,399902;8122,600098;8005,399902;8122,600098;8122,600098;241673000;1,370311198;1
05/02/2021;8129,799805;8227,200195;8107,299805;8214,700195;8214,700195;261535200;1,133874571;1
08/02/2021;8251,799805;8260,299805;8187,899902;8219;8219;203539900;0,052342811;0
09/02/2021;8216,799805;8219;8090,799805;8101;8101;159552300;-1,435697773;-1
10/02/2021;8127,200195;8144,299805;8026,899902;8065,399902;8065,399902;170296200;-0,439453129;0
11/02/2021;8067,100098;8095,100098;8008,200195;8037,600098;8037,600098;136461900;-0,344679797;0
12/02/2021;8025;8055;7921,299805;8055;8055;157832900;0,21648131;0
15/02/2021;8124,399902;8218,599609;8108,200195;8203,5;8203,5;193906300;1,843575419;1
16/02/2021;8215,099609;8222,299805;8129,200195;8153,700195;8153,700195;164686700;-0,607055586;0
17/02/2021;8140,799805;8176,299805;8073,899902;8122,700195;8122,700195;190607900;-0,380195485;0
18/02/2021;8133,5;8168,600098;8045,299805;8058,100098;8058,100098;151455500;-0,79530323;-1
19/02/2021;8066,700195;8172,600098;8016,100098;8151,600098;8151,600098;209007000;1,160323139;1
22/02/2021;8119,600098;8126,299805;8045,299805;8112,200195;8112,200195;221465900;-0,483339498;0
23/02/2021;8128;8259,900391;8107,600098;8252,099609;8252,099609;293160800;1,724555739;1
24/02/2021;8266,599609;8311,5;8205,200195;8269,599609;8269,599609;225852700;0,212067241;0
25/02/2021;8331,200195;8387;8310,700195;8317,799805;8317,799805;309755000;0,582860093;0
26/02/2021;8218,599609;8377,099609;8166,299805;8225;8225;291865800;-1,115677309;-1
01/03/2021;8324,599609;8395,900391;8291,299805;8378,099609;8378,099609;182097000;1,861393422;1
02/03/2021;8360,900391;8436,5;8328,599609;8355,799805;8355,799805;177712100;-0,266167807;0
03/03/2021;8397,599609;8466,599609;8278,5;8329,299805;8329,299805;240923800;-0,317144985;0
04/03/2021;8285,099609;8382,200195;8273,900391;8354;8354;207044300;0,296545875;0
05/03/2021;8322,099609;8387,099609;8239,700195;8286,799805;8286,799805;259819800;-0,80440741;-1
08/03/2021;8358;8458,400391;8307,5;8444,200195;8444,200195;235094900;1,899411036;1
09/03/2021;8446,299805;8516,200195;8416;8496,400391;8496,400391;281898000;0,618178096;0
10/03/2021;8479,5;8561,099609;8462,299805;8525,200195;8525,200195;203746300;0,338964769;0
11/03/2021;8567,599609;8609,5;8495,799805;8593;8593;189021600;0,795286955;1
12/03/2021;8570;8644,5;8554,400391;8644,5;8644,5;149113500;0,599325032;0
15/03/2021;8689,900391;8740,099609;8617,599609;8635,400391;8635,400391;210887200;-0,105264723;0
16/03/2021;8679,400391;8717,599609;8617,799805;8657,700195;8657,700195;209943700;0,258237059;0
17/03/2021;8652,099609;8659,099609;8570,099609;8599,5;8599,5;173237000;-0,672236202;0
18/03/2021;8632,599609;8658,799805;8587,099609;8624,599609;8624,599609;237338400;0,291872888;0
19/03/2021;8560,099609;8591,200195;8465,900391;8493;8493;375052600;-1,525863402;-1
22/03/2021;8430,200195;8432,599609;8324,799805;8343,5;8343,5;229082300;-1,760273166;-1
23/03/2021;8316,700195;8425,900391;8274,200195;8390,299805;8390,299805;203402800;0,560913346;0
24/03/2021;8351,299805;8443,700195;8288,799805;8443,700195;8443,700195;187924600;0,636453896;0
25/03/2021;8420,299805;8439,200195;8299,700195;8409,5;8409,5;161359200;-0,405038007;0
26/03/2021;8480,5;8528,799805;8437,799805;8498,200195;8498,200195;233895700;1,054761817;1
29/03/2021;8502,799805;8540,400391;8451,5;8492,099609;8492,099609;177594200;-0,0717868;0
30/03/2021;8542,900391;8612,299805;8532,400391;8595,200195;8595,200195;171860100;1,214076503;1
31/03/2021;8594,700195;8652,200195;8568;8580;8580;265542300;-0,176845154;0
01/04/2021;8595,599609;8610,099609;8542,700195;8577,599609;8577,599609;150979000;-0,027976585;0
06/04/2021;8673,200195;8691,900391;8615,5;8634,599609;8634,599609;201717300;0,664521575;0
07/04/2021;8648,299805;8661,799805;8592,200195;8597,400391;8597,400391;137394800;-0,430815784;0
08/04/2021;8626,5;8637,799805;8564,400391;8637,799805;8637,799805;165761800;0,46990267;0
09/04/2021;8639,299805;8647,400391;8565,799805;8565,799805;8565,799805;133458400;-0,833545598;-1
12/04/2021;8556,099609;8556,900391;8481;8532,599609;8532,599609;131409400;-0,387590146;0
13/04/2021;8533,200195;8568,299805;8467,299805;8525,099609;8525,099609;152574000;-0,087898183;0
14/04/2021;8532,599609;8595,700195;8510,099609;8588,400391;8588,400391;133519000;0,742522491;1
15/04/2021;8603,099609;8621,900391;8564,700195;8571,599609;8571,599609;146073800;-0,195621783;0
16/04/2021;8585;8656,400391;8553,599609;8613,5;8613,5;176861600;0,488828141;0
19/04/2021;8613,799805;8741,400391;8609,299805;8711,400391;8711,400391;171375300;1,136592454;1
20/04/2021;8699,400391;8703,900391;8450,700195;8459,400391;8459,400391;214621600;-2,89276108;-1
21/04/2021;8492,900391;8566,299805;8426,200195;8519,799805;8519,799805;175189200;0,713991669;1
22/04/2021;8548,599609;8656,799805;8527,5;8656,799805;8656,799805;136381300;1,608019004;1
23/04/2021;8629,400391;8674;8571,700195;8618,599609;8618,599609;118119300;-0,441273876;0
26/04/2021;8629,900391;8714,599609;8590,599609;8701,900391;8701,900391;162998200;0,9665234;1
27/04/2021;8690,799805;8756,700195;8655,299805;8756,700195;8756,700195;183162900;0,629745246;0
28/04/2021;8779,099609;8815,900391;8717,599609;8799,599609;8799,599609;218196700;0,48990388;0
29/04/2021;8821,799805;8869,900391;8801,400391;8823,200195;8823,200195;261774400;0,26820068;0
30/04/2021;8822,299805;8860,400391;8808,599609;8815;8815;267612000;-0,092939011;0
03/05/2021;8821,599609;8904,700195;8796,299805;8893,700195;8893,700195;150399700;0,892798582;1
04/05/2021;8906;9002,400391;8811,900391;8830,400391;8830,400391;231895800;-0,711737551;-1
05/05/2021;8896,700195;8967,799805;8881,400391;8967,799805;8967,799805;180443400;1,555981699;1
06/05/2021;8982,599609;9010,5;8912,200195;8982,200195;8982,200195;188334200;0,160578852;0
07/05/2021;9042;9065,900391;8982,900391;9059,200195;9059,200195;191889900;0,857250989;1
10/05/2021;9121,5;9149,099609;9061,099609;9144,299805;9144,299805;237075400;0,93937222;1
11/05/2021;9065,099609;9078,700195;8948,099609;8987,200195;8987,200195;232088700;-1,718005898;-1
12/05/2021;8990,200195;9055,200195;8953,400391;9007,700195;9007,700195;195759200;0,228102185;0
13/05/2021;8932,700195;8989,599609;8804,299805;8966,200195;8966,200195;173524400;-0,460716932;0
14/05/2021;9036,299805;9149;9005,900391;9145,599609;9145,599609;161364300;2,000841049;1
17/05/2021;9166,700195;9203;9099,5;9155,599609;9155,599609;164174400;0,109342202;0
18/05/2021;9214,200195;9241,5;9127,200195;9183,900391;9183,900391;176037400;0,309108996;0
19/05/2021;9121,400391;9164,700195;8977,900391;9070,700195;9070,700195;200253900;-1,2325939;-1
20/05/2021;9112,099609;9124,299805;8997,200195;9124,299805;9124,299805;138305200;0,590909289;0
21/05/2021;9129,599609;9223,900391;9110,599609;9204;9204;175406200;0,873493821;1
24/05/2021;9230,400391;9243,200195;9170,799805;9205,5;9205,5;91842700;0,016297262;0
25/05/2021;9220,900391;9245,599609;9197;9208,700195;9208,700195;147285300;0,034763945;0
26/05/2021;9232;9243,400391;9144,900391;9196,900391;9196,900391;160831700;-0,128137563;0
27/05/2021;9183,799805;9254,700195;9173,5;9186,099609;9186,099609;325441300;-0,117439371;0
28/05/2021;9237,799805;9243,299805;9204,299805;9224,599609;9224,599609;192320800;0,419111501;0
31/05/2021;9224,200195;9226,099609;9148,900391;9148,900391;9148,900391;102386400;-0,820623346;-1
01/06/2021;9167,299805;9226,799805;9137,200195;9189,700195;9189,700195;143121400;0,44595309;0
02/06/2021;9198,299805;9216;9152;9180,700195;9180,700195;137506400;-0,09793573;0
03/06/2021;9179,799805;9189,400391;9086,599609;9142,400391;9142,400391;164216700;-0,417177374;0
04/06/2021;9144,5;9158,799805;9071,200195;9088,299805;9088,299805;131208100;-0,591754722;0
07/06/2021;9076,099609;9175,900391;9042;9163,599609;9163,599609;129664800;0,828535652;1
08/06/2021;9159,599609;9204,799805;9110,599609;9153,599609;9153,599609;144263700;-0,109127422;0
09/06/2021;9157,200195;9185;9128,799805;9156,099609;9156,099609;124744700;0,02731166;0
10/06/2021;9190,799805;9205,099609;9113,099609;9133,799805;9133,799805;154773800;-0,243551348;0
11/06/2021;9144;9211,799805;9131,099609;9205;9205;107059800;0,779524366;1
14/06/2021;9238,700195;9302,700195;9233;9281,099609;9281,099609;135889000;0,826720359;1
15/06/2021;9310,799805;9310,799805;9220,700195;9230,700195;9230,700195;119439700;-0,543032788;0
16/06/2021;9266,299805;9274,599609;9201;9202,200195;9202,200195;161804400;-0,308752309;0
17/06/2021;9178,799805;9272;9170,700195;9195,900391;9195,900391;203696100;-0,068459758;0
18/06/2021;9166,299805;9185,400391;8976,400391;9030,599609;9030,599609;452775400;-1,797548635;-1
21/06/2021;8970,099609;9063,200195;8906;9051,700195;9051,700195;167378300;0,233656533;0
22/06/2021;9073,700195;9073,700195;8998,799805;9053,299805;9053,299805;137668000;0,017671929;0
23/06/2021;9072,200195;9092,700195;8954,099609;8954,099609;8954,099609;112812200;-1,095735236;-1
24/06/2021;9015,400391;9098,099609;8985,099609;9074,099609;9074,099609;130938500;1,34016825;1
25/06/2021;9101;9107,200195;9034,599609;9095;9095;130343900;0,230330191;0
28/06/2021;9075,5;9083,5;8913,700195;8913,700195;8913,700195;152784500;-1,993400825;-1
29/06/2021;8897,400391;8957,599609;8884,799805;8915,099609;8915,099609;142239100;0,015699586;0
30/06/2021;8892,700195;8903,700195;8765,299805;8821,200195;8821,200195;190176400;-1,053262646;-1
01/07/2021;8862,299805;8957,799805;8862,200195;8932,299805;8932,299805;122723600;1,259461383;1
02/07/2021;8951,700195;8968,099609;8873,599609;8907,599609;8907,599609;115691700;-0,276526724;0
05/07/2021;8900,5;8965,5;8862,400391;8946,400391;8946,400391;100801100;0,435591896;0
06/07/2021;8924,099609;8959,900391;8837,200195;8860,799805;8860,799805;152719800;-0,956815951;-1
07/07/2021;8877,900391;8904,5;8826;8854,5;8854,5;149997700;-0,071097476;0
08/07/2021;8768,099609;8772,900391;8597,799805;8650,099609;8650,099609;201968800;-2,308435157;-1
09/07/2021;8680,799805;8780,700195;8654,5;8776,599609;8776,599609;141622900;1,462410905;1
12/07/2021;8791,900391;8822;8696,799805;8816,700195;8816,700195;103461800;0,456903445;0
13/07/2021;8824,299805;8832,200195;8676,700195;8694,799805;8694,799805;133852800;-1,382607861;-1
14/07/2021;8674,700195;8712;8625,599609;8658,299805;8658,299805;120506000;-0,419791149;0
15/07/2021;8626,400391;8626,400391;8507,400391;8527;8527;131271100;-1,516461753;-1
16/07/2021;8546,599609;8607,400391;8423,099609;8506,200195;8506,200195;147772600;-0,243928756;0
19/07/2021;8450,900391;8455,200195;8252,200195;8301,700195;8301,700195;212387300;-2,404128698;-1
20/07/2021;8337,799805;8384,799805;8265,599609;8358;8358;155554100;0,678171985;0
21/07/2021;8390,900391;8585,400391;8384,299805;8567;8567;160923000;2,500598229;1
22/07/2021;8604,099609;8683,700195;8601,5;8621,799805;8621,799805;140853100;0,63966155;0
23/07/2021;8657,400391;8757,5;8652,099609;8717,200195;8717,200195;123289800;1,106502032;1
26/07/2021;8655,099609;8786,700195;8630,700195;8775,200195;8775,200195;136517300;0,665351245;0
27/07/2021;8723,700195;8768,5;8651,700195;8699,200195;8699,200195;131607900;-0,866077107;-1
28/07/2021;8716,900391;8774,599609;8691,799805;8733,700195;8733,700195;153261800;0,396588183;0
29/07/2021;8765,099609;8840,700195;8753,799805;8786,299805;8786,299805;188717200;0,602260312;0
30/07/2021;8737,5;8753,5;8665,700195;8675,700195;8675,700195;203148300;-1,258773459;-1
02/08/2021;8723,299805;8815,200195;8723,299805;8758,700195;8758,700195;140846000;0,956695115;1
03/08/2021;8780,200195;8824,200195;8735,599609;8772,799805;8772,799805;131903900;0,160978338;0
04/08/2021;8806,599609;8806,599609;8735,400391;8792,900391;8792,900391;117417500;0,229123956;0
05/08/2021;8780;8842,299805;8747,400391;8836,5;8836,5;108944800;0,495850141;0
06/08/2021;8839,900391;8892,599609;8796,799805;8879;8879;139018600;0,480959656;0
09/08/2021;8870,200195;8893,700195;8843,599609;8865,900391;8865,900391;102353900;-0,147534734;0
10/08/2021;8867,599609;8903,200195;8842,400391;8899;8899;106389600;0,373336125;0
11/08/2021;8915,900391;8981,5;8911,900391;8975,799805;8975,799805;112210300;0,863016125;1
12/08/2021;8974,099609;8999,599609;8961,5;8979,400391;8979,400391;98153900;0,040114375;0
13/08/2021;8987,900391;9015,700195;8978,099609;8999,799805;8999,799805;90564900;0,227180136;0
16/08/2021;8933,700195;8979,900391;8900,200195;8926,599609;8926,599609;96313400;-0,813353603;-1
17/08/2021;8872,400391;8880,200195;8833,299805;8865,700195;8865,700195;128850900;-0,682224102;0
18/08/2021;8852,700195;8978,299805;8845,900391;8970,200195;8970,200195;112288100;1,178699908;1
19/08/2021;8839,900391;8952,200195;8809,200195;8902,200195;8902,200195;137588100;-0,758065578;-1
20/08/2021;8893,700195;8941,099609;8851,5;8915,299805;8915,299805;126918700;0,147150252;0
23/08/2021;8973,400391;8989,900391;8910,900391;8968,099609;8968,099609;91085100;0,59223812;0
24/08/2021;8996,099609;9010,900391;8884,299805;8948,599609;8948,599609;101636400;-0,217437371;0
25/08/2021;8958,700195;9000;8947,299805;8977,400391;8977,400391;128024000;0,321846806;0
26/08/2021;8945;8946,400391;8890,099609;8892,700195;8892,700195;101735300;-0,943482437;-1
27/08/2021;8899,099609;8924,099609;8848,900391;8922,200195;8922,200195;74733200;0,331732762;0
30/08/2021;8925,700195;8936,200195;8853;8867,900391;8867,900391;54118400;-0,608592083;0
31/08/2021;8880,599609;8913,200195;8783,299805;8846,599609;8846,599609;185163000;-0,240200961;0
01/09/2021;8923,700195;9055,5;8923,700195;8991,5;8991,5;132646000;1,637921884;1
02/09/2021;8982,099609;9020,700195;8958;8981,400391;8981,400391;100427500;-0,112323962;0
03/09/2021;8981,5;8984,5;8852,599609;8864;8864;139726800;-1,307150176;-1
06/09/2021;8889,5;8915,900391;8874,299805;8882,299805;8882,299805;67762300;0,206450869;0
07/09/2021;8889,900391;8899,799805;8848,5;8894,5;8894,5;114239200;0,13735401;0
08/09/2021;8856,5;8912,5;8748,200195;8838,700195;8838,700195;155622500;-0,62735179;0
09/09/2021;8783,400391;8828,599609;8725,200195;8800,599609;8800,599609;149890500;-0,431065487;0
10/09/2021;8826,099609;8832,599609;8668,400391;8695,299805;8695,299805;139696400;-1,196507155;-1
13/09/2021;8724,200195;8837,599609;8721,400391;8816,099609;8816,099609;115679900;1,389254042;1
14/09/2021;8801,400391;8848,099609;8751,700195;8780;8780;128773000;-0,409473697;0
15/09/2021;8756,700195;8772,599609;8629;8635,400391;8635,400391;178101000;-1,646920376;-1
16/09/2021;8659,599609;8757,400391;8659,599609;8733,700195;8733,700195;186043200;1,13833522;1
17/09/2021;8789,700195;8858,299805;8760,900391;8760,900391;8760,900391;588035300;0,311439543;0
20/09/2021;8643,700195;8690,299805;8551,200195;8655,400391;8655,400391;277154700;-1,204214125;-1
21/09/2021;8710;8807,799805;8710;8756;8756;194808200;1,162275625;1
22/09/2021;8826,299805;8841;8772,599609;8808,400391;8808,400391;173512900;0,598451245;0
23/09/2021;8882;8908,299805;8853,900391;8876,900391;8876,900391;151032900;0,777666738;1
24/09/2021;8848,5;8898,299805;8835,5;8873,099609;8873,099609;140557900;-0,042816544;0
27/09/2021;8925,099609;9011,900391;8881,200195;9002,900391;9002,900391;203426300;1,462857262;1
28/09/2021;9014,299805;9034,700195;8769,400391;8769,400391;8769,400391;207454000;-2,593608613;-1
29/09/2021;8820,5;8895,700195;8784;8879,400391;8879,400391;178659800;1,254361702;1
30/09/2021;8943,700195;8954,599609;8785;8796,299805;8796,299805;195050400;-0,935880604;-1
01/10/2021;8693,400391;8807,700195;8654,799805;8799,5;8799,5;182239800;0,03638115;0
04/10/2021;8801,700195;8882,099609;8770,099609;8791,700195;8791,700195;149564600;-0,088639184;0
05/10/2021;8803,200195;8927,400391;8784,799805;8927,400391;8927,400391;169714200;1,543503452;1
06/10/2021;8884,900391;8884,900391;8723,799805;8775;8775;183948100;-1,707108277;-1
07/10/2021;8880,599609;8974,299805;8877,200195;8962,799805;8962,799805;201215200;2,140168718;1
08/10/2021;8964,900391;9000,799805;8931,799805;8955;8955;141240900;-0,087024202;0
11/10/2021;8929,400391;8965,700195;8875,5;8899;8899;125070900;-0,625348967;0
12/10/2021;8807,700195;8935,900391;8759,799805;8935,900391;8935,900391;163366100;0,414657726;0
13/10/2021;8915,700195;8928;8861,400391;8881,400391;8881,400391;191875300;-0,609899368;0
14/10/2021;8944,5;9001,200195;8889,099609;8925;8925;155212800;0,490909171;0
15/10/2021;8969,5;9016,5;8944,099609;8997;8997;217374300;0,806722689;1
18/10/2021;8984,400391;8994,599609;8885,400391;8936;8936;139680500;-0,678003779;0
19/10/2021;8959,5;9020;8943,200195;8996,299805;8996,299805;160869900;0,674796385;0
20/10/2021;8966,599609;9038;8958,900391;9017,900391;9017,900391;160127000;0,240105226;0
21/10/2021;8964,599609;8989,700195;8928,299805;8944,299805;8944,299805;153309300;-0,816161;-1
22/10/2021;8952,200195;8959,700195;8906,400391;8906,400391;8906,400391;134363800;-0,423727009;0
25/10/2021;8932,799805;8963,700195;8891,900391;8920,900391;8920,900391;159716400;0,162804268;0
26/10/2021;8925,5;9026,5;8915,700195;9001,599609;9001,599609;137320700;0,904608442;1
27/10/2021;8995,099609;8999,099609;8925,599609;8972,299805;8972,299805;167907900;-0,325495526;0
28/10/2021;8958,900391;9030,200195;8918;9025,799805;9025,799805;180332000;0,596279674;0
29/10/2021;9002,599609;9057,700195;8944,5;9057,700195;9057,700195;228787400;0,353435603;0
01/11/2021;9064,599609;9198,099609;9061,599609;9182,599609;9182,599609;164893900;1,378930758;1
02/11/2021;9160,599609;9162,299805;9102;9105,700195;9105,700195;130170200;-0,837447099;-1
03/11/2021;9084,5;9084,799805;8989,5;9030,799805;9030,799805;162875200;-0,822565958;-1
04/11/2021;9054,299805;9096,200195;9011,299805;9039,400391;9039,400391;221406600;0,095236149;0
05/11/2021;9038;9164,099609;9001,200195;9130,599609;9130,599609;193267200;1,008907826;1
08/11/2021;9133,099609;9156,599609;9069,5;9070,799805;9070,799805;135353600;-0,654938411;0
09/11/2021;9051;9128,5;9043,299805;9074,900391;9074,900391;132145800;0,045206444;0
10/11/2021;9059,599609;9150,700195;9059,599609;9141,799805;9141,799805;146839500;0,737191717;1
11/11/2021;9127,900391;9164,099609;9079;9092,200195;9092,200195;150325800;-0,542558479;0
12/11/2021;9079,599609;9093,599609;9045,200195;9080,799805;9080,799805;119663100;-0,125386482;0
15/11/2021;9036,099609;9104,700195;8992,400391;9095,700195;9095,700195;144108200;0,164086758;0
16/11/2021;9086,099609;9118;9037,5;9040,200195;9040,200195;155279200;-0,610178423;0
17/11/2021;9042,900391;9046,299805;8993,400391;8993,400391;8993,400391;139172900;-0,517685483;0
18/11/2021;8984,700195;9013,200195;8885,799805;8903,200195;8903,200195;181599400;-1,00295986;-1
19/11/2021;8942;8954,299805;8713,200195;8753,200195;8753,200195;278697700;-1,684787455;-1
22/11/2021;8774,099609;8846,299805;8737,299805;8821,299805;8821,299805;204208200;0,777996715;1
23/11/2021;8763;8873,400391;8700,099609;8815,099609;8815,099609;196115700;-0,070286649;0
24/11/2021;8827,5;8865,599609;8759,200195;8792;8792;174078100;-0,262045921;0
25/11/2021;8814,599609;8850,099609;8795,099609;8840,900391;8840,900391;118560500;0,55619189;0
26/11/2021;8592,299805;8592,299805;8386,900391;8402,700195;8402,700195;453060000;-4,95651095;-1
29/11/2021;8487,599609;8562;8431,700195;8455,200195;8455,200195;240648500;0,624799157;0
30/11/2021;8345,5;8414;8260,700195;8305,099609;8305,099609;369395400;-1,775245796;-1
01/12/2021;8357,099609;8474,200195;8342;8452,599609;8452,599609;203999700;1,77601723;1
02/12/2021;8335,700195;8390;8264,299805;8300,799805;8300,799805;197930100;-1,795894885;-1
03/12/2021;8371,900391;8374,299805;8210,200195;8241,700195;8241,700195;169541900;-0,711974887;-1
06/12/2021;8323,799805;8446,700195;8288,599609;8439,700195;8439,700195;143535600;2,40241692;1
07/12/2021;8523,599609;8560,900391;8472,700195;8559,5;8559,5;170695000;1,419479392;1
08/12/2021;8527,599609;8582,400391;8462,5;8478,400391;8478,400391;221534000;-0,947480682;-1
09/12/2021;8490,299805;8490,299805;8394,299805;8399,599609;8399,599609;144639700;-0,929429826;-1
10/12/2021;8356,700195;8410,400391;8339,5;8360,200195;8360,200195;116318700;-0,469063001;0
13/12/2021;8380,599609;8408,900391;8289,599609;8322,700195;8322,700195;140412000;-0,448553852;0
14/12/2021;8358,799805;8411,700195;8356,200195;8378,5;8378,5;163938900;0,670453143;0
15/12/2021;8382,900391;8382,900391;8268;8275;8275;147413800;-1,235304649;-1
16/12/2021;8387,400391;8433,700195;8356,799805;8380;8380;198862600;1,268882175;1
17/12/2021;8328,5;8344,400391;8246,799805;8311,599609;8311,599609;323190600;-0,816233783;-1
20/12/2021;8113,5;8271,700195;8082,399902;8242,400391;8242,400391;172112600;-0,832561977;-1
21/12/2021;8344,700195;8394,200195;8274,799805;8387,5;8387,5;143384500;1,760404762;1
22/12/2021;8388,900391;8461,799805;8373,200195;8459,099609;8459,099609;115841000;0,853646605;1
23/12/2021;8476,799805;8587,700195;8469,700195;8563,700195;8563,700195;142486900;1,236545151;1
27/12/2021;8512,200195;8634,299805;8508,400391;8622,099609;8622,099609;93359100;0,681941365;0
28/12/2021;8623,5;8703,599609;8617;8688,900391;8688,900391;90378100;0,774762355;1
29/12/2021;8691,5;8697,599609;8641,299805;8673,700195;8673,700195;110775600;-0,174938086;0
30/12/2021;8665,799805;8728;8661,5;8713,799805;8713,799805;127210400;0,462312613;0
03/01/2022;8729,700195;8808,099609;8725;8761,200195;8761,200195;117500900;0,543969233;0
04/01/2022;8821,599609;8834,099609;8784,700195;8795,799805;8795,799805;192378100;0,39491861;0
05/01/2022;8799,599609;8821,599609;8768,099609;8790,799805;8790,799805;146051700;-0,056845314;0
06/01/2022;8664,599609;8789,900391;8628,900391;8789,900391;8789,900391;174962400;-0,01023131;0
07/01/2022;8781,900391;8796,5;8709,5;8751,799805;8751,799805;170218700;-0,433458678;0
10/01/2022;8771,400391;8775,400391;8679,5;8706,900391;8706,900391;183558300;-0,513030634;0
11/01/2022;8726,799805;8790;8719;8755,900391;8755,900391;169260700;0,562772029;0
12/01/2022;8803,099609;8804,099609;8754,799805;8770,299805;8770,299805;164262600;0,164453835;0
13/01/2022;8755,900391;8817,099609;8750,299805;8816,900391;8816,900391;155323200;0,531345416;0
14/01/2022;8767,400391;8810,099609;8739,700195;8806,599609;8806,599609;158545900;-0,116829969;0
17/01/2022;8848,400391;8866,599609;8829,400391;8838,700195;8838,700195;136556800;0,364506023;0
18/01/2022;8811;8820,900391;8761,799805;8781,599609;8781,599609;158132300;-0,646029221;0
19/01/2022;8758,599609;8856,900391;8749;8774,900391;8774,900391;226234800;-0,07628699;0
20/01/2022;8783,299805;8825,700195;8737,799805;8814,599609;8814,599609;162948900;0,452417876;0
21/01/2022;8702,299805;8760,799805;8622,099609;8694,700195;8694,700195;227841100;-1,360236645;-1
24/01/2022;8660;8673,5;8361,400391;8417,799805;8417,799805;275306600;-3,184703139;-1
25/01/2022;8488,400391;8529,900391;8408,900391;8479,5;8479,5;200726000;0,732972943;1
26/01/2022;8526,599609;8696,400391;8525,599609;8620,200195;8620,200195;206013700;1,659298249;1
27/01/2022;8503,599609;8740,599609;8489,799805;8706;8706;267817900;0,99533425;1
28/01/2022;8705,700195;8713,099609;8515;8609,799805;8609,799805;187559100;-1,104987308;-1
31/01/2022;8697,099609;8705,099609;8564,599609;8612,799805;8612,799805;213539000;0,034844016;0
01/02/2022;8679,900391;8745,099609;8665;8726,700195;8726,700195;208657000;1,322454865;1
02/02/2022;8782,900391;8785,200195;8713,200195;8713,200195;8713,200195;182818500;-0,154697649;0
03/02/2022;8694,400391;8735,599609;8660,099609;8689,400391;8689,400391;276245200;-0,27314653;0
04/02/2022;8741,599609;8770,099609;8551,099609;8589,299805;8589,299805;314163100;-1,151984964;-1
07/02/2022;8646,299805;8649,799805;8509;8558,400391;8558,400391;255601400;-0,359743107;0
08/02/2022;8576,400391;8702,299805;8572,5;8674,599609;8674,599609;282897600;1,357721218;1
09/02/2022;8736,299805;8850,200195;8716,900391;8846,400391;8846,400391;262478800;1,980503882;1
10/02/2022;8871,5;8912,200195;8819,099609;8886,200195;8886,200195;281274100;0,449898289;0
11/02/2022;8797,299805;8833,5;8766,5;8798,099609;8798,099609;213210700;-0,991431479;-1
14/02/2022;8583,900391;8643,200195;8504,5;8573,799805;8573,799805;310665400;-2,549411964;-1
15/02/2022;8533,299805;8721,099609;8521,200195;8718;8718;207323900;1,681870329;1
16/02/2022;8735,299805;8798;8678,200195;8737,200195;8737,200195;171253100;0,220236235;0
17/02/2022;8713;8749,700195;8631,799805;8671,099609;8671,099609;171634300;-0,756541965;-1
18/02/2022;8678,900391;8708;8564,099609;8590;8590;189687500;-0,935286326;-1
21/02/2022;8638,799805;8666,400391;8439;8488,900391;8488,900391;164763000;-1,17694539;-1
22/02/2022;8295,200195;8551,099609;8262,599609;8493,200195;8493,200195;231609100;0,050652073;0
23/02/2022;8519,099609;8607,5;8410,700195;8440,099609;8440,099609;190892300;-0,625212932;0
24/02/2022;8084,200195;8254,200195;8048;8198,5;8198,5;526124700;-2,862520825;-1
25/02/2022;8242,900391;8496,5;8188,100098;8486,599609;8486,599609;381377500;3,51405268;1
28/02/2022;8302,799805;8500,400391;8286,900391;8479,200195;8479,200195;396635800;-0,087189385;0
01/03/2022;8462,099609;8510,299805;8188,200195;8188,200195;8188,200195;360174600;-3,431927461;-1
02/03/2022;8145,899902;8371;8071,200195;8321;8321;339701800;1,621843651;1
03/03/2022;8296,099609;8349,599609;7978,399902;8011,399902;8011,399902;297390300;-3,720707824;-1
04/03/2022;7988,5;8000,200195;7719;7720,899902;7720,899902;395646300;-3,626082876;-1
07/03/2022;7510,399902;7769,700195;7287,700195;7644,600098;7644,600098;469180400;-0,988224235;-1
08/03/2022;7569,799805;7923,700195;7566,100098;7783,399902;7783,399902;372800500;1,815658141;1
09/03/2022;8043,399902;8163,100098;7976,299805;8163,100098;8163,100098;358258700;4,878333386;1
10/03/2022;8166,5;8197,099609;7997,200195;8069,299805;8069,299805;320297800;-1,149076844;-1
11/03/2022;8115,299805;8375,299805;8068,100098;8142,100098;8142,100098;333210300;0,902188477;1
14/03/2022;8228,900391;8313,400391;8190,299805;8234,400391;8234,400391;236741400;1,133617763;1
15/03/2022;8150,200195;8286,700195;8092,700195;8236,099609;8236,099609;238010100;0,020635601;0
16/03/2022;8375,700195;8475,5;8324,599609;8380,400391;8380,400391;331698500;1,752052414;1
17/03/2022;8409,5;8445,799805;8317,400391;8412;8412;243534800;0,377065624;0
18/03/2022;8422,400391;8434,099609;8309,200195;8417,599609;8417,599609;336645800;0,066566916;0
21/03/2022;8417,299805;8465,599609;8389,200195;8389,200195;8389,200195;149776400;-0,337381383;0
22/03/2022;8415,700195;8487,200195;8400,700195;8487,200195;8487,200195;176349800;1,168168571;1
23/03/2022;8509,599609;8522,200195;8328,400391;8328,400391;8328,400391;184043600;-1,871050527;-1
24/03/2022;8352,099609;8380;8274,5;8305,099609;8305,099609;175543500;-0,279774998;0
25/03/2022;8314,099609;8363,200195;8286,5;8330,599609;8330,599609;156189000;0,307040267;0
28/03/2022;8354,400391;8485,700195;8354,400391;8365,599609;8365,599609;167961800;0,420137825;0
29/03/2022;8451;8621;8419,700195;8614,599609;8614,599609;257812200;2,976475228;1
30/03/2022;8583,299805;8597,400391;8508,900391;8550,599609;8550,599609;185389000;-0,742924836;-1
31/03/2022;8562,599609;8588,299805;8445,099609;8445,099609;8445,099609;220117500;-1,2338316;-1
01/04/2022;8481,700195;8533;8442,799805;8503,700195;8503,700195;150411500;0,693900471;0
04/04/2022;8536,099609;8546,400391;8432,900391;8520,799805;8520,799805;141856900;0,201084347;0
05/04/2022;8529,799805;8640,299805;8505,700195;8623,299805;8623,299805;180391500;1,202938719;1
06/04/2022;8600,599609;8635,599609;8418;8482,099609;8482,099609;273331900;-1,637426498;-1
07/04/2022;8512,700195;8635,200195;8451;8467,400391;8467,400391;223340300;-0,173296927;0
08/04/2022;8562,200195;8625,299805;8543,099609;8606,400391;8606,400391;175189100;1,641590023;1
11/04/2022;8580,900391;8637,200195;8544;8585;8585;167801800;-0,248656698;0
12/04/2022;8469,799805;8612,400391;8446,299805;8578;8578;194796800;-0,081537566;0
13/04/2022;8533,400391;8617,799805;8532,900391;8617,799805;8617,799805;161724300;0,463975344;0
14/04/2022;8626,299805;8756,799805;8606;8699;8699;172576200;0,942238122;1
19/04/2022;8677;8722,200195;8619,099609;8694;8694;157017000;-0,057477871;0
20/04/2022;8713,400391;8816,200195;8706,799805;8769,5;8769,5;188717400;0,868414999;1
21/04/2022;8791,599609;8877,700195;8774,599609;8814,599609;8814,599609;208123800;0,514277998;0
22/04/2022;8712,5;8788,700195;8652,299805;8652,299805;8652,299805;220990200;-1,841261217;-1
25/04/2022;8535,599609;8656,099609;8511,099609;8574,599609;8574,599609;189832600;-0,8980294;-1
26/04/2022;8687,700195;8703,799805;8435,299805;8439,299805;8439,299805;321479300;-1,577913957;-1
27/04/2022;8458,799805;8506,900391;8344,900391;8477,700195;8477,700195;243349200;0,455018673;0
28/04/2022;8515,799805;8554,900391;8415,799805;8512,200195;8512,200195;234735800;0,406949989;0
29/04/2022;8572,099609;8617,299805;8526;8584,200195;8584,200195;218569900;0,845844768;1
02/05/2022;8516,599609;8563,200195;8350;8436;8436;158843800;-1,726429855;-1
03/05/2022;8501,900391;8590,200195;8477,099609;8590,200195;8590,200195;173278100;1,827882824;1
04/05/2022;8594,799805;8612,099609;8498,400391;8500,5;8500,5;158306400;-1,044215419;-1
05/05/2022;8636,700195;8651,200195;8427,599609;8434,700195;8434,700195;252403200;-0,774069819;-1
06/05/2022;8398,599609;8406,5;8283,599609;8322;8322;314494000;-1,336149388;-1
09/05/2022;8280,099609;8358,400391;8139,200195;8139,200195;8139,200195;192928700;-2,196585016;-1
10/05/2022;8219,299805;8259;8138,899902;8139,200195;8139,200195;204415900;0;0
11/05/2022;8187,100098;8316,799805;8138,5;8312,599609;8312,599609;199584100;2,130423258;1
12/05/2022;8183,200195;8257,099609;8134,5;8200,400391;8200,400391;202060000;-1,349748854;-1
13/05/2022;8263,400391;8338,099609;8244,700195;8338,099609;8338,099609;148599600;1,679176765;1
16/05/2022;8316,299805;8383,200195;8284,799805;8353,700195;8353,700195;118777700;0,18710002;0
17/05/2022;8422,5;8488,900391;8409,400391;8475,700195;8475,700195;156305200;1,460430673;1
18/05/2022;8492,799805;8546,400391;8454,799805;8476,400391;8476,400391;156404000;0,008261217;0
19/05/2022;8416,099609;8436,599609;8341,700195;8406;8406;155481600;-0,830545842;-1
20/05/2022;8464,900391;8546,900391;8456,099609;8484,5;8484,5;172383300;0,933856769;1
23/05/2022;8600,400391;8625,799805;8514,700195;8625,799805;8625,799805;166876400;1,66538753;1
24/05/2022;8537,799805;8654;8534,299805;8631,200195;8631,200195;207033000;0,062607412;0
25/05/2022;8723,099609;8773,900391;8652,200195;8760,200195;8760,200195;203488200;1,494577777;1
26/05/2022;8787,5;8901,200195;8780;8888,799805;8888,799805;203819800;1,467998529;1
27/05/2022;8904;8937,700195;8873;8933,599609;8933,599609;194951400;0,504002846;0
30/05/2022;8975,599609;8992,700195;8905,599609;8930,799805;8930,799805;159281100;-0,031340155;0
31/05/2022;8898,799805;8922,799805;8836,900391;8851,5;8851,5;314821900;-0,887936207;-1
01/06/2022;8881,299805;8909,299805;8736,700195;8747,200195;8747,200195;163198400;-1,178329153;-1
02/06/2022;8778,900391;8793,200195;8709;8744,099609;8744,099609;103691200;-0,035446611;0
03/06/2022;8800,700195;8808,200195;8706,400391;8724,799805;8724,799805;95868700;-0,220718025;0
06/06/2022;8785,299805;8852,299805;8768,200195;8836,299805;8836,299805;124143400;1,277966286;1
07/06/2022;8793,299805;8848,799805;8793,299805;8841,599609;8841,599609;139318200;0,059977639;0
08/06/2022;8876,700195;8881,599609;8791;8842,700195;8842,700195;145183000;0,012447815;0
09/06/2022;8812,5;8836,299805;8707,799805;8711,200195;8711,200195;174009600;-1,487102323;-1
10/06/2022;8662;8671,299805;8362,799805;8390,599609;8390,599609;271499400;-3,680326233;-1
13/06/2022;8312,900391;8312,900391;8159;8183,299805;8183,299805;266905800;-2,470619666;-1
14/06/2022;8229,200195;8280,400391;8066,399902;8066,399902;8066,399902;175608800;-1,428517906;-1
15/06/2022;8201,200195;8242,200195;8097,700195;8174,700195;8174,700195;194099900;1,342610016;1
16/06/2022;8157,5;8172,100098;8034,700195;8078,100098;8078,100098;162994800;-1,181695899;-1
17/06/2022;8107,600098;8236;8025,600098;8145,899902;8145,899902;395310900;0,839303836;1
20/06/2022;8180,399902;8297;8159;8286;8286;143710700;1,719884846;1
21/06/2022;8324,5;8361,400391;8222,799805;8235,599609;8235,599609;157761600;-0,608259607;0
22/06/2022;8158,299805;8193,400391;8066,600098;8145,399902;8145,399902;162162400;-1,095241528;-1
23/06/2022;8097,5;8172,899902;8034,299805;8106,399902;8106,399902;195483200;-0,478797855;0
24/06/2022;8129,5;8262,299805;8108,5;8244,099609;8244,099609;174310900;1,698654257;1
27/06/2022;8266,099609;8309,900391;8185,5;8242,599609;8242,599609;132601700;-0,018194831;0
28/06/2022;8292;8374,799805;8278,599609;8317,5;8317,5;127855300;0,908698645;1
29/06/2022;8236,299805;8262,900391;8159;8188;8188;139284000;-1,556958221;-1
30/06/2022;8094,799805;8117,200195;7994,200195;8098,700195;8098,700195;222962400;-1,090618039;-1
01/07/2022;8043;8206,900391;8027,299805;8176,100098;8176,100098;150837600;0,95570772;1
04/07/2022;8226,200195;8240,400391;8161,799805;8161,799805;8161,799805;117450800;-0,174903595;0
05/07/2022;8191,200195;8209,5;7959,399902;7959,399902;7959,399902;193250400;-2,479844003;-1
06/07/2022;8040,5;8061,700195;7939,700195;7948,600098;7948,600098;249441900;-0,135686159;0
07/07/2022;8026,600098;8128,899902;7998,600098;8122,5;8122,5;200236500;2,187805398;1
08/07/2022;8099;8137,899902;8034,100098;8100,299805;8100,299805;147633700;-0,273317267;0
11/07/2022;7994,399902;8099,799805;7980,399902;8065,200195;8065,200195;130231900;-0,43331248;0
12/07/2022;8029;8071,299805;7893,100098;8014,799805;8014,799805;365803600;-0,624911828;0
13/07/2022;7991,299805;8002,600098;7891,5;7944,899902;7944,899902;198608900;-0,872135358;-1
14/07/2022;7903,799805;7922,200195;7764,899902;7804,299805;7804,299805;197271700;-1,769689974;-1
15/07/2022;7821,299805;7969,299805;7806,200195;7945,899902;7945,899902;197816100;1,814385666;1
18/07/2022;8004,700195;8030,100098;7926,799805;7963,100098;7963,100098;156061800;0,216466306;0
19/07/2022;7920,399902;8161,200195;7912,700195;8125,100098;8125,100098;201692300;2,034383569;1
20/07/2022;8156,799805;8173,299805;7989,600098;8028,899902;8028,899902;176080300;-1,183987826;-1
21/07/2022;7981,600098;8105,700195;7970,299805;8012,700195;8012,700195;218616100;-0,201767455;0
22/07/2022;8009,399902;8085,299805;7999,299805;8051,600098;8051,600098;181045500;0,485478079;0
25/07/2022;8021,899902;8103,399902;8015,700195;8085,600098;8085,600098;124363100;0,422276313;0
26/07/2022;8063,100098;8097;8033,5;8069,600098;8069,600098;129251000;-0,197882653;0
27/07/2022;8106,5;8149,700195;8054,200195;8124,399902;8124,399902;147895400;0,679089463;0
28/07/2022;8193,700195;8196,400391;7995,399902;8084,899902;8084,899902;250669600;-0,486189755;0
29/07/2022;8140,299805;8207,799805;8134,100098;8156,200195;8156,200195;249071400;0,881894567;1
01/08/2022;8161,899902;8230,700195;8071,799805;8085,100098;8085,100098;162088800;-0,87173065;-1
02/08/2022;8060,600098;8122,5;8049,799805;8096,899902;8096,899902;154636100;0,145945058;0
03/08/2022;8092,600098;8161,299805;8066,299805;8142,100098;8142,100098;146693600;0,558240766;0
04/08/2022;8148;8214,400391;8133,899902;8161,100098;8161,100098;135699300;0,233355028;0
05/08/2022;8151,200195;8198;8120,5;8168;8168;144261300;0,084546224;0
08/08/2022;8220,900391;8294,400391;8193,299805;8272,5;8272,5;118565500;1,279382958;1
09/08/2022;8260;8339,599609;8245,599609;8311,900391;8311,900391;115016800;0,476281547;0
10/08/2022;8299,599609;8367,200195;8295,900391;8352,799805;8352,799805;131019400;0,492058519;0
11/08/2022;8386;8420,400391;8368,900391;8380;8380;104906600;0,325641649;0
12/08/2022;8383,5;8453;8371,400391;8400,400391;8400,400391;118970900;0,24344142;0
15/08/2022;8423,900391;8429,299805;8384,400391;8427;8427;82277100;0,316646919;0
16/08/2022;8448,700195;8527,299805;8440,400391;8511,900391;8511,900391;118720500;1,00748061;1
17/08/2022;8520,200195;8540;8426,5;8434,799805;8434,799805;113535300;-0,905797559;-1
18/08/2022;8440,700195;8470,099609;8392,599609;8430,299805;8430,299805;88536300;-0,053350407;0
19/08/2022;8395;8408,700195;8320,900391;8338,099609;8338,099609;145359800;-1,093676359;-1
22/08/2022;8291,599609;8300,900391;8213,599609;8284,799805;8284,799805;125075200;-0,639232037;0
23/08/2022;8254,900391;8272,599609;8205,5;8226,299805;8226,299805;102243900;-0,706112415;-1
24/08/2022;8196,900391;8224,700195;8161,799805;8199,400391;8199,400391;82594700;-0,326992872;0
25/08/2022;8230;8263;8166,299805;8187,5;8187,5;88849300;-0,145137332;0
26/08/2022;8229,700195;8239,599609;8044,100098;8063,899902;8063,899902;120272900;-1,509619518;-1
29/08/2022;7970,899902;8005;7933,399902;7989,600098;7989,600098;103313100;-0,921387975;-1
30/08/2022;8004,5;8105,200195;7968,600098;7979,799805;7979,799805;158859600;-0,122663123;0
31/08/2022;7994,799805;7996,399902;7866,600098;7886,100098;7886,100098;228022400;-1,17421125;-1
01/09/2022;7838,799805;7849,399902;7797;7806;7806;132467000;-1,015712418;-1
02/09/2022;7843,799805;7943,399902;7796,700195;7932,200195;7932,200195;121212900;1,616707597;1
05/09/2022;7801,299805;7867,799805;7765,5;7862,700195;7862,700195;119377800;-0,876175567;-1
06/09/2022;7868;7935,899902;7813,600098;7842,200195;7842,200195;125296900;-0,260724681;0
07/09/2022;7791,100098;7880,200195;7784,399902;7855,899902;7855,899902;147011500;0,174692136;0
08/09/2022;7902,299805;7933,299805;7772,700195;7916,799805;7916,799805;206754300;0,775212309;1
09/09/2022;7920,5;8063,799805;7918,600098;8033,100098;8033,100098;189938300;1,469031627;1
12/09/2022;8087,799805;8212,599609;8077,399902;8194,299805;8194,299805;173424800;2,006693618;1
13/09/2022;8229;8235,799805;8054,700195;8064;8064;192028100;-1,590127382;-1
14/09/2022;8070,299805;8124,5;8024;8055,600098;8055,600098;160072500;-0,104165451;0
15/09/2022;8051,899902;8125,399902;8024,200195;8085,5;8085,5;229942400;0,371169145;0
16/09/2022;7994,399902;8039,200195;7962,200195;7984,700195;7984,700195;329447100;-1,246673737;-1
19/09/2022;7957,799805;8023,399902;7911;7993,200195;7993,200195;110506300;0,10645359;0
20/09/2022;8020,799805;8064,100098;7873,100098;7873,100098;7873,100098;157288100;-1,502528325;-1
21/09/2022;7803,399902;7896,700195;7790,5;7872,200195;7872,200195;157194700;-0,011430097;0
22/09/2022;7776,299805;7897,100098;7753,600098;7774,700195;7774,700195;182956600;-1,238535576;-1
23/09/2022;7770,799805;7770,799805;7527,5;7583,5;7583,5;215665900;-2,459261325;-1
26/09/2022;7534,200195;7589,200195;7473,5;7508,5;7508,5;190143900;-0,988989253;-1
27/09/2022;7564,299805;7587,600098;7436,100098;7445,700195;7445,700195;199705600;-0,836382833;-1
28/09/2022;7380,700195;7448,399902;7273;7442,200195;7442,200195;217516300;-0,047006996;0
29/09/2022;7407,399902;7416,899902;7242,200195;7300,100098;7300,100098;185712500;-1,909382888;-1
30/09/2022;7345,600098;7395,100098;7318,5;7366,799805;7366,799805;186033300;0,913682088;1
03/10/2022;7327,5;7472,899902;7288,5;7462;7462;155766200;1,292286984;1
04/10/2022;7548,5;7699,899902;7529,200195;7696,600098;7696,600098;199972900;3,143930555;1
05/10/2022;7655,600098;7678,399902;7537,899902;7579,899902;7579,899902;130259400;-1,516256458;-1
06/10/2022;7597,299805;7638,799805;7482,100098;7511,100098;7511,100098;118066500;-0,907661115;-1
07/10/2022;7463,899902;7517,5;7412,5;7436,899902;7436,899902;132997300;-0,98787388;-1
10/10/2022;7389,5;7441,399902;7372,899902;7413,5;7413,5;114404200;-0,314645918;0
11/10/2022;7369,299805;7410,299805;7315,5;7355,899902;7355,899902;130873100;-0,776962272;-1
12/10/2022;7356,299805;7359,700195;7239;7261,100098;7261,100098;135442500;-1,288758755;-1
13/10/2022;7234,100098;7385,299805;7189,600098;7348,799805;7348,799805;195470900;1,207801928;1
14/10/2022;7467,899902;7503,399902;7371,600098;7382,5;7382,5;187967900;0,458580937;0
17/10/2022;7416,100098;7589,100098;7413,399902;7557,100098;7557,100098;166450500;2,365053816;1
18/10/2022;7613;7692,299805;7594,600098;7611,299805;7611,299805;149752400;0,717202449;1
19/10/2022;7630,399902;7642,600098;7530,5;7583,600098;7583,600098;131870500;-0,363928734;0
20/10/2022;7584,700195;7660,700195;7552,100098;7644,399902;7644,399902;178416300;0,801727454;1
21/10/2022;7586,399902;7592,600098;7449,600098;7545,600098;7545,600098;245063000;-1,292446827;-1
24/10/2022;7612,200195;7739,600098;7570;7680,5;7680,5;169749600;1,78779554;1
25/10/2022;7716,5;7803,600098;7675,200195;7794,899902;7794,899902;149338200;1,489485086;1
26/10/2022;7826,399902;7877,899902;7756,600098;7870,600098;7870,600098;186582400;0,971150328;1
27/10/2022;7846,899902;7944,299805;7798,899902;7921,100098;7921,100098;202336800;0,64162833;0
28/10/2022;7859,600098;7916,5;7832,600098;7916,5;7916,5;185925600;-0,058073979;0
31/10/2022;7913,600098;7958,100098;7871,700195;7956,5;7956,5;164827400;0,505273795;0
01/11/2022;8011,799805;8073,899902;7971,799805;7999;7999;146532300;0,534154465;0
02/11/2022;8017,799805;8018,200195;7960,600098;7968,600098;7968,600098;144925900;-0,380046281;0
03/11/2022;7897,5;7897,5;7798,399902;7868,899902;7868,899902;140561300;-1,25116325;-1
04/11/2022;7908,5;8006;7830,600098;7942,700195;7942,700195;197127100;0,937873069;1
07/11/2022;7910,5;7990;7893,200195;7962,299805;7962,299805;138355500;0,246762556;0
08/11/2022;7942,299805;8005,799805;7922;7998,899902;7998,899902;120200600;0,459667406;0
09/11/2022;7983,399902;8061,600098;7968,100098;8040,399902;8040,399902;161112100;0,518821344;0
10/11/2022;8004;8176;7975,100098;8133,200195;8133,200195;256116900;1,154175092;1
11/11/2022;8178,700195;8178,700195;8073,799805;8133,200195;8133,200195;217995500;0;0
14/11/2022;8123,200195;8210,799805;8110,399902;8166,5;8166,5;142671600;0,409430534;0
15/11/2022;8161;8192,099609;8117,299805;8188,399902;8188,399902;182285400;0,268167538;0
16/11/2022;8175,100098;8188,700195;8075;8101,399902;8101,399902;163754600;-1,062478641;-1
17/11/2022;8105,100098;8123,200195;7986,100098;8040,700195;8040,700195;139502400;-0,749249608;-1
18/11/2022;8107;8127,799805;8048,5;8127,799805;8127,799805;178686400;1,083234145;1
21/11/2022;8100,5;8198,5;8100,5;8188,399902;8188,399902;155115500;0,745590424;1
22/11/2022;8203,5;8345,599609;8200,299805;8325;8325;215622700;1,668214787;1
23/11/2022;8337,799805;8344;8288,400391;8331,200195;8331,200195;154543800;0,074476817;0
24/11/2022;8341,299805;8412,5;8339,200195;8388,099609;8388,099609;137787400;0,682967792;0
25/11/2022;8391,200195;8425,5;8378,200195;8416,599609;8416,599609;135912400;0,339767067;0
28/11/2022;8375,599609;8396,400391;8316,700195;8323,200195;8323,200195;125888100;-1,109704849;-1
29/11/2022;8347,299805;8354,5;8282,799805;8322,099609;8322,099609;145888800;-0,013223111;0
30/11/2022;8350,599609;8364,599609;8304,400391;8363,200195;8363,200195;325057800;0,493872796;0
01/12/2022;8423,099609;8469;8381,799805;8407,900391;8407,900391;209724800;0,534486739;0
02/12/2022;8390;8414,099609;8342,299805;8382,599609;8382,599609;146276600;-0,300916767;0
05/12/2022;8373,299805;8395,700195;8358,799805;8370,099609;8370,099609;103858400;-0,149118419;0
06/12/2022;8333,200195;8355,900391;8296,400391;8331,900391;8331,900391;123949400;-0,456377102;0
07/12/2022;8306,799805;8344;8279,799805;8290,5;8290,5;129308700;-0,496890134;0
08/12/2022;8307,900391;8308,599609;8225,200195;8225,200195;8225,200195;118774300;-0,787646161;-1
09/12/2022;8256,599609;8293,700195;8194,900391;8289,200195;8289,200195;131660300;0,778096563;1
12/12/2022;8260,599609;8270,200195;8222,5;8258,900391;8258,900391;116655000;-0,365533505;0
13/12/2022;8263,900391;8415,700195;8213,200195;8327,700195;8327,700195;206579600;0,833038307;1
14/12/2022;8323,099609;8360,599609;8297,900391;8360,599609;8360,599609;160329800;0,395060019;0
15/12/2022;8315,200195;8332,400391;8195,900391;8218,799805;8218,799805;216854000;-1,696048258;-1
16/12/2022;8189,200195;8192,099609;8079,799805;8112,5;8112,5;387741300;-1,29337382;-1
19/12/2022;8122,299805;8180,299805;8109,399902;8136,799805;8136,799805;129226200;0,299535347;0
20/12/2022;8086,700195;8216,900391;8059,5;8185,200195;8185,200195;181953600;0,594833241;0
21/12/2022;8220,200195;8312,200195;8201,700195;8302,299805;8302,299805;146342300;1,430626096;1
22/12/2022;8308,400391;8338,599609;8257,599609;8272,099609;8272,099609;122263100;-0,363756992;0
23/12/2022;8281,599609;8313,700195;8236,099609;8269,099609;8269,099609;103234700;-0,036266488;0
27/12/2022;8307,900391;8332,5;8266,799805;8270,099609;8270,099609;91612000;0,012093215;0
28/12/2022;8275,700195;8319,400391;8252,299805;8258,5;8258,5;97669900;-0,140259604;0
29/12/2022;8238,099609;8321,900391;8208,700195;8318,299805;8318,299805;117198300;0,724100079;1
30/12/2022;8288,900391;8290,400391;8221,700195;8229,099609;8229,099609;121407700;-1,072336873;-1
02/01/2023;8297,900391;8384,900391;8283,700195;8369,700195;8369,700195;92193500;1,708578006;1
03/01/2023;8367,5;8454,299805;8327,400391;8397,400391;8397,400391;164671600;0,330958043;0
04/01/2023;8442,099609;8560,5;8442,099609;8559,799805;8559,799805;206752400;1,933924863;1
05/01/2023;8530,099609;8618,900391;8527,700195;8607,599609;8607,599609;182438200;0,558421985;0
06/01/2023;8608,5;8701,099609;8589,200195;8701,099609;8701,099609;162161400;1,08624941;1
09/01/2023;8691;8721,599609;8661,400391;8694,900391;8694,900391;215668200;-0,071246374;0
10/01/2023;8668,400391;8724,5;8666,700195;8712,700195;8712,700195;147719000;0,204715445;0
11/01/2023;8722,799805;8762,900391;8700,700195;8726,299805;8726,299805;166063200;0,156089498;0
12/01/2023;8737,799805;8849,700195;8735,200195;8828,099609;8828,099609;203505800;1,166586139;1
13/01/2023;8838;8918,400391;8828,700195;8881,700195;8881,700195;197132600;0,607158827;0
16/01/2023;8896,799805;8918,200195;8847,099609;8871,099609;8871,099609;125051900;-0,119353117;0
17/01/2023;8862,400391;8916,799805;8833,400391;8890,400391;8890,400391;145661400;0,217569217;0
18/01/2023;8909,5;8988,900391;8909,5;8933,299805;8933,299805;202920700;0,482536355;0
19/01/2023;8892,900391;8894,400391;8726,700195;8793,099609;8793,099609;236199000;-1,569411069;-1
20/01/2023;8828,900391;8918,200195;8828,900391;8918,200195;8918,200195;188973800;1,422713168;1
23/01/2023;8927,099609;8976,5;8909,900391;8944,099609;8944,099609;134688300;0,290410772;0
24/01/2023;8955,799805;8978,099609;8906;8967,099609;8967,099609;123864400;0,257152771;0
25/01/2023;8961,400391;8968,299805;8905;8957,5;8957,5;166333600;-0,107053668;0
26/01/2023;9002,599609;9054,5;8995,299805;9035,599609;9035,599609;304449100;0,871890695;1
27/01/2023;9045,900391;9082,799805;9022,299805;9060,200195;9060,200195;201024600;0,272262905;0
30/01/2023;9050,200195;9066,099609;9011,400391;9049,299805;9049,299805;152780500;-0,120310697;0
31/01/2023;9053,700195;9069,900391;8994;9034;9034;239317900;-0,1690717;0
01/02/2023;9048;9126,599609;9046,200195;9098,099609;9098,099609;236081200;0,709537403;0
02/02/2023;9144,099609;9281,400391;9133,099609;9229,700195;9229,700195;364813600;1,446462356;1
03/02/2023;9214,200195;9248,5;9155,599609;9225,599609;9225,599609;297607800;-0,04442816;0
06/02/2023;9174,799805;9198,599609;9124,799805;9159,200195;9159,200195;148027100;-0,719730064;-1
07/02/2023;9165,799805;9204,299805;9149,799805;9172,400391;9172,400391;145446500;0,144119527;0
08/02/2023;9223,599609;9277,700195;9200;9227,299805;9227,299805;181821800;0,59852832;0
09/02/2023;9268,599609;9296,299805;9243,5;9243,5;9243,5;142052300;0,175568101;0
10/02/2023;9208,400391;9214,5;9069,599609;9117,400391;9117,400391;179657200;-1,364197642;-1
13/02/2023;9134,799805;9217,200195;9120,700195;9210,299805;9210,299805;108839700;1,018924365;1
14/02/2023;9238;9311,599609;9231,5;9263,200195;9263,200195;153032700;0,574361216;0
15/02/2023;9273,5;9313,5;9258,700195;9294,799805;9294,799805;124531200;0,341130596;0
16/02/2023;9338,900391;9362,799805;9291,400391;9327,299805;9327,299805;170117900;0,349657881;0
17/02/2023;9276,299805;9363,099609;9240,799805;9333;9333;168390800;0,061113024;0
20/02/2023;9352,400391;9369,099609;9273,900391;9281,299805;9281,299805;101224000;-0,553950445;0
21/02/2023;9257,400391;9286,099609;9195,900391;9252,099609;9252,099609;116050500;-0,314613218;0
22/02/2023;9220,299805;9222,599609;9118,5;9172,700195;9172,700195;154725800;-0,85817725;-1
23/02/2023;9183,599609;9253,900391;9179,5;9231,599609;9231,599609;144006300;0,642116419;0
24/02/2023;9255,5;9314,5;9194,400391;9201,5;9201,5;254028900;-0,326049767;0
27/02/2023;9252,5;9351,700195;9250,5;9314,299805;9314,299805;150061600;1,225884964;1
28/02/2023;9303,400391;9442,799805;9279,599609;9394,599609;9394,599609;306110200;0,862113156;1
01/03/2023;9419,299805;9453,799805;9307,400391;9322,900391;9322,900391;187235400;-0,763196102;-1
02/03/2023;9292,799805;9336,200195;9246,099609;9327,299805;9327,299805;157352100;0,047189328;0
03/03/2023;9357;9472,200195;9357;9464,200195;9464,200195;161254800;1,467738712;1
06/03/2023;9497,900391;9524,599609;9441,799805;9511;9511;145464800;0,494492974;0
07/03/2023;9502,099609;9528,299805;9408,5;9411,099609;9411,099609;159198700;-1,050366849;-1
08/03/2023;9386,400391;9480,900391;9369,400391;9466,099609;9466,099609;123507900;0,584416299;0
09/03/2023;9455,299805;9457,400391;9388,900391;9423,200195;9423,200195;116716400;-0,45318997;0
10/03/2023;9246,799805;9296,5;9182,700195;9285;9285;279917900;-1,466595128;-1
13/03/2023;9273,599609;9273,599609;8894,5;8958,900391;8958,900391;426525400;-3,512112106;-1
14/03/2023;8936;9181;8914,599609;9159;9159;300029600;2,233528673;1
15/03/2023;9165,299805;9169,700195;8736,5;8759,099609;8759,099609;422530000;-4,366201452;-1
16/03/2023;8925,799805;8984,599609;8731;8890,200195;8890,200195;324579000;1,496735873;1
17/03/2023;8935,5;9027,400391;8655,299805;8719,299805;8719,299805;477657900;-1,922345799;-1
20/03/2023;8672,299805;8875,299805;8501,200195;8833,099609;8833,099609;359818300;1,305148424;1
21/03/2023;8930,099609;9085,400391;8918,799805;9049,400391;9049,400391;248775500;2,448752891;1
22/03/2023;9037,299805;9100,200195;9001,700195;9009,299805;9009,299805;197220400;-0,443129757;0
23/03/2023;8969,400391;9027,700195;8921,599609;8970;8970;155229200;-0,436213755;0
24/03/2023;8933;8933;8703,299805;8792,5;8792,5;289524100;-1,978818283;-1
27/03/2023;8897,799805;8935,700195;8839,799805;8906,099609;8906,099609;187284700;1,292005789;1
28/03/2023;8984,200195;9019,099609;8911;8944,299805;8944,299805;153710700;0,428921724;0
29/03/2023;8991,400391;9075,299805;8962,400391;9070,700195;9070,700195;131051100;1,413194915;1
30/03/2023;9138,299805;9226,400391;9131,200195;9207,099609;9207,099609;149632100;1,503736328;1
31/03/2023;9234,5;9254,5;9183,799805;9232,5;9232,5;178940500;0,275878312;0
03/04/2023;9217,799805;9233,5;9135,5;9157,400391;9157,400391;129264000;-0,81342658;-1
04/04/2023;9174,799805;9257,5;9168,5;9183,200195;9183,200195;120081300;0,281737206;0
05/04/2023;9202,099609;9254,599609;9196,5;9254,599609;9254,599609;140130100;0,777500354;1
06/04/2023;9252,799805;9323,5;9232,599609;9312,299805;9312,299805;128321400;0,623475876;0
11/04/2023;9355,099609;9378,400391;9227,099609;9237,700195;9237,700195;154539500;-0,801086859;-1
12/04/2023;9255,599609;9324,599609;9253,599609;9278,700195;9278,700195;130923300;0,443833412;0
13/04/2023;9284,400391;9320,200195;9238,700195;9310;9310;109714700;0,33732963;0
14/04/2023;9335,900391;9375,400391;9313,200195;9362,900391;9362,900391;152448900;0,56821043;0
17/04/2023;9387,599609;9413,400391;9361;9378,5;9378,5;154770500;0,166610861;0
18/04/2023;9408;9445,400391;9381,5;9421,900391;9421,900391;143015100;0,462764738;0
19/04/2023;9418,599609;9498,700195;9405,400391;9494,799805;9494,799805;117659000;0,773723039;1
20/04/2023;9508,599609;9540,5;9425;9450,900391;9450,900391;153368400;-0,462352181;0
21/04/2023;9433,900391;9436,599609;9366,299805;9415,599609;9415,599609;205592800;-0,37351766;0
24/04/2023;9383,599609;9433,900391;9362,900391;9406,400391;9406,400391;99647400;-0,097701882;0
25/04/2023;9352,099609;9352,099609;9267,599609;9290,299805;9290,299805;167260800;-1,23427221;-1
26/04/2023;9264,900391;9297,700195;9193,5;9293,700195;9293,700195;165805000;0,03660151;0
27/04/2023;9254,099609;9334,200195;9226,400391;9314,599609;9314,599609;128409300;0,224877213;0
28/04/2023;9336,099609;9338,900391;9159,799805;9241;9241;233876400;-0,790153223;-1
02/05/2023;9257,5;9264,900391;9069,099609;9082;9082;172428700;-1,720593009;-1
03/05/2023;9117,799805;9132,200195;9035,099609;9076,700195;9076,700195;136589900;-0,058355043;0
04/05/2023;9053,700195;9056,599609;8967,299805;9043,599609;9043,599609;150274800;-0,364676427;0
05/05/2023;9097,299805;9147,299805;9047,700195;9147,299805;9147,299805;144355000;1,146669473;1
08/05/2023;9162,299805;9221,799805;9157,900391;9211,299805;9211,299805;81672300;0,699660024;0
09/05/2023;9202,099609;9219,5;9130,200195;9183,200195;9183,200195;113458000;-0,305055862;0
10/05/2023;9219,799805;9223,299805;9143,799805;9167,700195;9167,700195;103618500;-0,168786476;0
11/05/2023;9166,099609;9215,099609;9118;9182,799805;9182,799805;139070300;0,164704448;0
12/05/2023;9218,599609;9276,900391;9213,900391;9234,099609;9234,099609;106389900;0,558651012;0
15/05/2023;9269,099609;9279,5;9162,299805;9201,5;9201,5;92014700;-0,353035059;0
16/05/2023;9181,200195;9241,900391;9174,900391;9191,400391;9191,400391;91133400;-0,109760463;0
17/05/2023;9148,200195;9218,599609;9125,700195;9211,599609;9211,599609;110933000;0,219762138;0
18/05/2023;9247,299805;9282,200195;9202;9213,099609;9213,099609;105199800;0,016283817;0
19/05/2023;9247,200195;9309,400391;9222,900391;9251,5;9251,5;127277500;0,416802082;0
22/05/2023;9242,799805;9326,599609;9241,900391;9305;9305;96207700;0,578284602;0
23/05/2023;9304,5;9305;9260,099609;9267;9267;82288900;-0,40838259;0
24/05/2023;9191,299805;9193,200195;9128,799805;9163,5;9163,5;108838000;-1,1168663;-1
25/05/2023;9169,5;9188,099609;9116,099609;9116,099609;9116,099609;123786500;-0,517273869;0
26/05/2023;9137,799805;9210,900391;9048,200195;9191,099609;9191,099609;99198600;0,822720277;1
29/05/2023;9263,099609;9271,099609;9146,599609;9180,099609;9180,099609;59244300;-0,119681001;0
30/05/2023;9189;9248,299805;9156;9167,5;9167,5;111494900;-0,137249153;0
31/05/2023;9096,5;9183,400391;9034,900391;9050,200195;9050,200195;401513500;-1,279517917;-1
01/06/2023;9130,299805;9181,599609;9105,900391;9167,5;9167,5;109883600;1,296101771;1
02/06/2023;9216,200195;9324,799805;9204,200195;9317,299805;9317,299805;132595800;1,634031143;1
05/06/2023;9352;9382,400391;9276,099609;9289,099609;9289,099609;102104900;-0,302664899;0
06/06/2023;9266;9310,799805;9242,299805;9310,799805;9310,799805;94770400;0,233609251;0
07/06/2023;9296,299805;9401,799805;9294,900391;9359,799805;9359,799805;100905200;0,526270579;0
08/06/2023;9358,700195;9427,599609;9331,700195;9338,299805;9338,299805;109449100;-0,229705768;0
09/06/2023;9345,700195;9370,400391;9288,599609;9309,700195;9309,700195;84882800;-0,306261424;0
12/06/2023;9345,900391;9382,099609;9328,5;9344,400391;9344,400391;95656000;0,372731616;0
13/06/2023;9357,700195;9357,700195;9261,099609;9333,700195;9333,700195;121829000;-0,114509177;0
14/06/2023;9333,700195;9468,099609;9315,900391;9432,799805;9432,799805;155571800;1,061739802;1
15/06/2023;9404,099609;9453,700195;9389,299805;9430,799805;9430,799805;123381800;-0,021202613;0
16/06/2023;9465;9580,799805;9428,5;9495;9495;384178600;0,680750269;0
19/06/2023;9457,799805;9503,200195;9412,099609;9431,900391;9431,900391;87888300;-0,664556177;0
20/06/2023;9418,299805;9469,099609;9401;9439,799805;9439,799805;87716600;0,083752093;0
21/06/2023;9431,200195;9463,5;9415,299805;9436,400391;9436,400391;101629200;-0,036011505;0
22/06/2023;9365,5;9365,900391;9284,200195;9364,700195;9364,700195;108508000;-0,759825707;-1
23/06/2023;9305,599609;9334,099609;9239,700195;9265,799805;9265,799805;124528300;-1,056097771;-1
26/06/2023;9283,099609;9306,900391;9198,700195;9274;9274;110992200;0,088499592;0
27/06/2023;9309,200195;9399,5;9287,299805;9393;9393;120553900;1,283157214;1
28/06/2023;9421;9489,700195;9414;9481,299805;9481,299805;126194000;0,940059672;1
29/06/2023;9486,200195;9524,099609;9479;9510,599609;9510,599609;103479900;0,309027292;0
30/06/2023;9541,400391;9642,299805;9534,599609;9593;9593;172932500;0,866405846;1
03/07/2023;9604,299805;9658,599609;9598,599609;9644,799805;9644,799805;119153100;0,539975034;0
04/07/2023;9635;9649,799805;9580,900391;9588,400391;9588,400391;97859400;-0,584765004;0
05/07/2023;9541,700195;9567,900391;9470,700195;9486,299805;9486,299805;116017000;-1,064834402;-1
06/07/2023;9384,599609;9435,900391;9261,200195;9285;9285;142178200;-2,122005515;-1
07/07/2023;9246,900391;9258,599609;9169,799805;9248,799805;9248,799805;114921000;-0,389878244;0
10/07/2023;9210,5;9282,5;9183;9252,900391;9252,900391;91453400;0,044336412;0
11/07/2023;9295,799805;9333,700195;9226,700195;9331,099609;9331,099609;100280000;0,845131955;1
12/07/2023;9356,5;9464,799805;9344,599609;9453,700195;9453,700195;155443100;1,313892158;1
13/07/2023;9459,099609;9523,599609;9444,799805;9478,700195;9478,700195;118162000;0,264446719;0
14/07/2023;9468,900391;9507,200195;9437,799805;9438,299805;9438,299805;105127200;-0,426222891;0
17/07/2023;9414,900391;9483,299805;9402,599609;9438;9438;77438400;-0,003176473;0
18/07/2023;9446,5;9471,799805;9388,900391;9455,700195;9455,700195;88491000;0,187541799;0
19/07/2023;9482,799805;9532,400391;9433,099609;9451,799805;9451,799805;92225100;-0,041249087;0
20/07/2023;9445,099609;9539,5;9444;9519,599609;9519,599609;108475200;0,717321625;1
21/07/2023;9521;9571,5;9481,200195;9571,5;9571,5;114901000;0,545195104;0
24/07/2023;9417;9543,5;9401;9543,5;9543,5;121342800;-0,29253513;0
25/07/2023;9534;9542,799805;9497,799805;9519,200195;9519,200195;86427600;-0,254621523;0
26/07/2023;9515,900391;9604,099609;9489,599609;9600,5;9600,5;164640400;0,854061301;1
27/07/2023;9646,299805;9715,099609;9611,799805;9694,700195;9694,700195;203878100;0,981200927;1
